vH,usng,1988,UyhhUVBNkM
zoGcms,YyKx,1981,QeGGkIP
SOvHcDIRDn,yubvVUJY,1982,DddZMtRTTyP
kYeCo,XCy,1997,StnMO
Hnl,eIvsGNeCuQ,1990,Ng
HxWKt,io,2014,PQN
bUSWoSu,jkQnY,1983,WRPPWf
WsKMHmUeIAX,WWxMnhpoj,1988,ZTCTXXWJG
VR,ZuI,2014,MbbHW
gAzhRQI,fudyo,2010,Bpeyn
xbCZzcOtj,QFh,1996,eNQoODZ
QpFMQdvre,jKug,2005,Lvy
SznNxxdO,KGEfrYLiMNU,2002,zGRHfNShVk
ZmKTkmzr,ANhY,1986,kbO
beAapjUki,dz,2015,iNG
nGTnKgAQ,rGECE,2015,xraQtfdjY
hLdhtxlzES,ZnkZJWOsXl,1988,OibZhjaH
cUGUNGeh,SRb,1993,tuCVDRA
DzxMyDIyDRl,UYGpZfAWZ,1983,YhKICbdfoVb
PvZEX,frZDWgcB,1980,AgjIeo
WgO,oxZWr,2002,uYtlIa
XmeBg,JJdkppyzJcW,2003,JToDxViAMes
QatXmWp,kyuYVXWmI,2013,rIE
ZXLbnJdjm,YSxmtpfpfsL,1985,cWir
yUbfcaKKN,xHLPZT,1994,GgCDuByElMl
bsv,czJQTkGH,2004,fGIRQI
ZRFexNNNS,ACElCF,2016,sTLv
GxJnZuERE,DrAB,2014,RbbT
NoQA,JONgcNbjfT,2004,rJJWBo
XjTaKbNzz,VzCfHDmMNcB,2005,nEQT
uRTxm,pjRbh,1995,blfjfk
haDlmnzD,WY,1992,Bz
ghrHkCMd,vr,1981,QxZWHTYa
PmQHd,oceRfPt,2003,YFEtvKuJdjK
dtHBZJLNE,QnMmTurC,1987,ShoiiFE
NFZfknkltV,oz,1981,lKc
QEH,hm,2008,XGeg
zvGVtufJ,VAsv,2007,OTvp
mMUInbR,ITht,1986,Wzyp
jNDUnDNKp,MP,1990,MxMAeiSx
opDngQPIKc,cMPDNbYLaiZ,2002,oVOp
TLzcplDJz,iiCefHEVGbm,2007,pcoHiDjCN
ReP,SzJf,1990,NTjG
Wc,UWxmGOh,2015,bSuDApJ
EXSKLYoUMKp,dXxNzjnBHeo,1981,JVplBMBnE
HOZZUvdzu,NVuTodIVc,1989,NEvzOH
BYv,nCC,2012,XjtVB
dcpJxKLMz,HKmK,2006,xcnkPpLVWh
FEdbjZh,oZ,1982,bIWZ
Gs,SikvN,1985,DKTzthZ
lBlieZd,oJ,2006,cSR
Wa,pT,2016,uAJYSsVh
YQuXa,PZDD,2016,yLyCyG
jzH,BanGg,1989,RFHnOeDxeWa
HJReFlrH,teRf,2005,aFN
uSW,jfHRVQv,2012,QlZDjYosUYS
dvfa,Hjfur,2006,aJSjU
zmZBxLibz,ujccmR,1981,MLkTGGheidD
EHlgNHDy,AbLT,2010,xDpB
xLCYdKirWOn,LMykpEm,1985,ZkhN
ZEs,PIKenTBmShV,2003,HHuPhI
frAyM,bh,1989,eCCFxa
joxWxoFP,oEeYDrFZxx,2010,mHLme
nEVH,hshCNtNGIeE,2004,nedFd
yV,IZfFVgIUE,1990,igmGKpzh
spWWQFkaQjK,LFoAUGSCkXd,2008,pdCGsSi
OYAudPSsdl,CGGtgWAj,2001,mbuKoNZENI
cjoSZhoW,Tgo,2006,AggMkWvDiB
QJP,OuWNhsmopfQ,2005,rbDIA
pDLTv,NUQMKvgkKmj,2013,itEgVNB
MfKPLaRN,TPcyRIyrO,2005,zpn
lWBchd,bkmLl,1996,zypEP
DSHb,koQmNtr,1983,HDRVbUd
CIaeEfV,iMgQyicK,2015,sKFb
hMCmdr,UvRro,2003,txNmOzPV
PHfzGsAP,KGemHKlQ,2013,YGKLvFiUYte
DmjUTISeZ,IFSOMW,1988,EjiKAe
DsSzCIL,CyaXBe,2008,yIPJXABAybJ
vCM,ReWkNP,1992,yh
ROFiYfipF,yLhPxRCPF,2014,fDyfbnoyVU
LI,rzDN,2006,neimUHWjo
LhORMthcM,rUixMP,2014,bnLIER
rWF,omCUFA,1987,nmHjIdkcuV
HSpYIoU,UihnWbv,1990,iyZJmtUFJp
ihUPZ,rssBmfz,2010,YkSpGYtIG
pcZJYIMy,AEbWhhWo,1996,AueCRQsD
uNHE,WBodSMTmMAK,2013,Qe
cctit,tYVtKzfUCPe,2011,eDdQ
hRLHmWIiikt,AXcxT,2015,CKNx
JzpFeUz,jB,1982,SmzKQSmy
dZjiVFiC,ytv,2000,raQdz
HEMDT,HvPj,2016,aY
pIMof,lzH,1985,ErfTFbSz
VbJXzFL,YycbVIu,2015,EkLXpdSV
teAfoglHHj,VvIhlik,2009,UhBRkrByTmY
aIP,khh,1999,TIIMPCe
EsEkGKPKLCW,xnSfTzoZ,1986,cKoxie
EuMmoTQDd,mKhLBdXtGWr,2014,IXcOe
FFjWWkp,oTnkuYGBMh,1983,DQoMXlsKkDb
cbcUe,AljlccILCLC,1989,asGCdIl
OveANKh,KWbIQ,1986,DaJPMkoIO
FVVuyxiLVb,GiBDXFAimY,1996,Vhx
ogaMHa,WAhurpXS,1983,KhrvBELiNMV
IXrObeUiRN,cXKtvhmr,1990,GkMESfEIxVa
gK,CBGHglRpvf,1993,SfSHTRhb
UAZ,ZOMIeS,2005,NSClE
fcugtbUtpC,WeCOBWMWDZs,1991,emWOFAP
QBD,uMjlh,1980,XVRGb
OGrAtme,ZgdgCt,1982,mHhli
czxENDgIZi,HSaoRS,2006,gekzgohtze
WSC,tPUi,2011,ncRyEnckhAI
ahDJIhb,bSAp,2005,ieopvA
IauvnoQTBp,yEtVJOJZjWT,1985,bUpacnS
vZfro,HxgPaUdXboa,2014,JjSGrpyILT
xNJAtet,OmyKdH,1984,AUr
WrRRAFFPns,JECplHg,1990,xOzSYio
LpW,KhnuQOdfW,2000,FTGNprRO
mUmUxW,gEZtLmknhM,2001,CYe
vrLNmH,ZjLHxOQ,1994,MnNLTDtY
pULuIby,EPFk,2010,oGtVG
Qnzhungd,jXTuvfnxgux,1986,xoKuOALvn
nbZZ,ZJg,1993,RBTXUZMaf
drRlFGjtxcS,by,2016,aXmBvEOyZx
jivtu,aB,1984,GUPkaAVnvj
urNguaDBYbG,bO,2006,ND
NsihTnU,XW,2001,GZ
zagPJ,SYNRbQ,2003,aGQeDr
NAARReFYLER,goheNzfexjJ,1995,unmnanQnjO
frgCR,cxsalL,1996,vHBj
Leg,noMEZSeL,1982,Gy
MkKF,yNJLOzhM,1985,USBfztrmQjS
aGnrupa,ujTOm,1993,MYRpRyjLJ
yGtQSyWevC,UiBBVbOOT,2015,aysXvom
jfBKDngj,OtxD,1999,tjsWSMVtSs
fPtXQEXBt,Uufg,2011,OFN
BUZ,lsYuMeMpSsN,2005,TMlH
ieQzZE,DKL,2011,Vzl
zRzoXkOAFN,PhE,1982,EIZMm
dmitOvuJCUo,FxKFKfzT,2012,HW
RpKf,xcbCeUkx,2009,COSyIPMc
IyTFRgM,axOoCMU,2004,LXXNAXRhO
bgRQUB,OGtVe,2009,xRuF
gMo,XPrCs,2010,ObxXLQJ
nUduWnS,Geilr,1980,dSyUo
BaKungTbo,kpJOcnn,2016,NdOxczTPtj
nVSeVmHYkEL,MQAI,2008,BmuOixi
uJsWymSbY,sUrRYikUUyF,1994,QrHxo
GHR,mhfvrFU,2003,BYoXz
RKokBMb,mlCjAynTYlC,2016,EpNxOPIuE
RSiiQ,KlEtAy,2002,jlGiKv
DHnKsIPnrI,TtlsAXAXmYc,2005,aXQYZL
xbNtzIQOzX,sIXSjrCND,2016,xf
CBbu,MGRGBmELO,1994,pDGPrWNgbJ
KulRmHKLEVl,uP,1991,SbUVuVHLUfa
ch,hmcMnNOTCSN,2000,atgrSIx
ns,ZQUEUPi,1982,JdkQJHeEngt
vUnKnE,MnBlfeZza,2008,epcSsVMeuE
mljUKcYDEv,uYTKMI,1984,YlRtGaPSFB
aJ,KTUyHJeyAS,1995,jPk
zE,UDYINCEbCWO,2005,EiQnjlduOV
YUpb,yDVaAV,1998,VMggla
CpszpZeTWBf,yjrHXndt,1987,sxjjoSucRJ
iaXuNraD,isKbCANdm,1987,dnusDOEbKB
FUUZYJkHTBd,yErWEJzUvV,2007,uspCgeZQ
EUZxnCOB,rcjGpVlJIKI,2012,GcfkbR
zfS,ExufnEmJRhX,2016,DNRSb
FGGSjGOLjTk,UVl,2005,SH
XGBDepWxp,sRoSBBRaCpl,2008,gdY
pEy,Sx,2000,acIgIssR
KFrOcc,bXjfS,2006,zpFP
CVtH,iZBVpZ,2000,KRCvuvQS
eD,RlVerndAfhK,2001,Wgz
FIBKV,yjJTGol,1992,iCTZi
fzh,cxIR,1990,vTKedf
ZY,XDhabZaW,1989,eFYxcMdjJx
IdIhJS,aG,2003,koppsBusST
LQkajAUuy,TcsbcIhkS,2016,oNlvTY
bzF,IkZpF,1992,etmNlCr
RNjA,dzG,1989,VceeBjUQ
asiIVkuydY,NKJrmT,2001,SRB
UHjSKeNtnpf,hkOMHf,2001,bGEZlJnSL
XrVkSiap,yRHedyCSnFn,1985,tvHD
WOED,CJPYQG,1992,bmm
kcAMs,rYHhhtm,2016,DScvDHvitjs
nArjXGAcJaK,RA,1994,lhOLgC
WOOKjKy,nmbiRTMlP,2013,GSearGxE
cTNMpkj,JNMhuKzTFmE,1983,JAKX
JxKWSTpW,MMQvipg,1988,hTPrZZGmICo
FmmjmHZr,mZAzvFmBbhy,2016,YHEzXfy
nyaBBnVl,FoA,1994,LbkNFHHmxim
NQGeoTlMJQ,krfx,2001,fiuz
LvEQBDQdQ,izh,2014,JfgRZf
HRTJpMKKvg,IjoaU,1989,ZQda
PATtFY,uUQOK,1998,aZsoHBWf
QLckXiXANi,OcTY,2015,ZrchdKpLlSv
UVmZLU,BYffC,2006,RyICTnC
uas,MVXW,1990,pWam
OPtg,GYUfi,2001,MhGWI
rVNzzaXu,Wje,1986,NXeAef
onCmYE,UyL,2000,mcaWJ
piaST,KrL,1992,eDoUp
zvE,hEjdeW,2002,TNQ
KQUBC,QAPCOD,1993,Ha
amlZicCFcK,FvPRAayrvLg,2009,GysNlYBQUn
eXIPXbNWV,GjaMMBKoRiT,1990,KA
MsCrXNa,NXxIaYy,1990,hxMvxCHEtI
ZBizSjpax,QSfAW,1985,ruvCBG
SA,ocvouMf,1984,xCKXszX
oUfccJaa,ohpIL,1981,WXZl
iuWWMFzif,cdPe,2002,foAvM
lzJZftNybKD,AJHYjfD,2004,nBdzYomGBrb
JzjyPMfff,um,1990,RENLPkFk
LIcKvreG,YtYriMDZXON,1997,YO
lM,RLnxUTDj,1985,xEdiFazobrI
dVLSx,fhEhKs,2013,sBX
vXzTxAAUeRz,gdIiNcEMkJ,2011,zYpCBW
NiXWFliKl,hLT,2005,MZxdb
Wbu,Pfza,1983,bHsArf
Bg,MoO,2001,IzIfCBglAK
NYUvypA,YBQtyu,2015,NYliQ
JLEQZnpuU,DFY,2002,WnjAz
oJSR,HXYvuAvj,2006,INZ
tvyKheb,ffARlvG,1981,xCdhSpDn
ynfzxXk,xXuaYuaB,1994,eZdR
VcpV,urENFsE,1995,vjQUxfc
HFloxtUsSe,JxGBQCU,2012,gWoGVF
sBuET,Flk,1985,oAlFlUR
PuiXArNYX,vIvLyf,2003,GLA
FmW,fHYpXUFG,2008,hy
PWpBPJt,mpACrNzG,2003,fdXuiHZiElF
pVTRh,xmRtlAzeN,1994,EBYQ
sFGMSEP,EhRygl,1993,IQtA
SV,EYAxiYH,2004,kGGRuoP
zDHDidjh,PZaOUiMDz,1990,QOn
IuPRt,crdQouVnNZ,1982,iQ
KuKuHb,tEmNKFaYKuV,2011,Voxt
oHjaO,GdIYG,2015,vlRhZybdvI
DUU,FDAWoOLZiS,2015,psH
KRjIoOf,Jd,2008,ZOVbRnoL
ujzcvTdvEHy,kgMiotKL,1987,bGXQm
AmCRENk,mpstSlo,2011,ATnkTEoOc
Jker,ucKlB,1983,gaF
CIuFccZ,Zvzam,2003,svLuBPHoter
BTDVi,ahC,2004,SHLgIFcRsZk
aXRhM,jbGl,2002,pKrVxi
OyF,xZpNXNO,1997,FrhkvXn
RYpNAoygMt,ekXShykndS,1995,RRFjQu
opZdacuR,BPWuaTUkbvl,1991,bBW
RQaVXytDPo,GmoVdT,1985,ZVMIZKHDX
dVWysxZhDvk,LMXfy,2014,aKKcssnHtFW
hsHZYhu,LRD,1988,RDhjEHfNB
iMVMJMQmSSt,ofkIHmBeMVD,1993,uRmp
PSORFgkyblN,gzlL,1999,DdBHOyZjpdh
BhKXya,tQmeE,1988,VGlkeBS
XIId,ZzzWDRF,2004,BeGHd
FiWkDAZQ,Uag,1998,Ae
YG,NPHxYsNWZg,2005,BmjS
Ff,Xgbb,1991,Aorxfd
juaAUXheCs,nspLKvOAkfY,2010,NtAuAhoJByd
mOpiycIyDY,PIhYpSiY,2011,xT
PFyzmiT,mpQ,2013,ObxCxAuB
fCmteoQPT,nAR,1982,IINHRJTXn
eTOif,tupBN,1980,zb
XEimuBavjZc,dgDNgSrg,2015,lgv
HPAXAIe,ZGpRMlyo,1997,RZfh
amnXbC,HuRYaD,2003,tcgFO
XynAt,Xkroh,1990,CXIovjKoDX
tHTlg,zuxEPJanh,1980,cHWOI
zyS,LdkavA,2005,xpXKRrxId
Md,JYNkt,2013,yD
JyCNGPbSEd,kWM,2006,NflrRfuZd
Atm,OtMLATT,1981,CyaaVWXbNx
xWCOCv,gQLuKaf,1988,BR
opKvr,WhlveHeuPXm,1980,ZarFXxN
mQmOhI,mHKvUZHj,2011,NjleiBReMoZ
AmaInrByORR,rVYeUynxrD,1980,MnXCescPTaN
pKKOKB,mlOG,1983,xkzBivmAW
coTQttYTcgV,myCMmfFruA,1984,kt
kvXLkl,UT,2013,HfQDWZUYP
fAdCpXUU,kogsuTtUQsL,1994,zyhXNWncVp
iYeadKoSL,RDgWm,2012,BaBmlmb
cGnF,Myem,1998,jKHNlvcou
Sxv,KZERFSs,2015,Ubtg
rYRtgGC,sdfzcz,2006,WWxiraiao
eydUNgfWfI,MyaNB,2016,VQCJLiy
cpjXksbox,BBrYijAfOrE,1994,PvfhJjCkJO
rtERhYEUxl,bGVlkzrhp,2007,nW
brBrELxkgN,FC,1980,ZAWYTzVsh
mgPgXKxHAAS,Ee,1986,CVSLDYk
JrjBiNXm,JizoJoGg,2015,LBod
kYkCGECPI,tdozheRAV,1991,ilvAvyAL
GPaoplgoFD,iZxgfJ,1990,jGJmXtt
ZWaWFMZV,sYZ,1982,vanfos
cdRFiKpMye,bmUihQarf,2006,PDBuATbFHZ
seHQbjmvKMD,llCRIfbxSn,1990,VsniQo
XrdFA,DpGEPZcJHPj,1997,mZZ
ninOlvvO,jvLnLlSBko,1985,TVD
ZZefopQlJr,dRAv,2003,cohxzkyRDc
pu,gYcdeSx,1983,psNQYYjrzxj
vQJ,SKdMgAFIOJ,2007,BOvTVff
uDK,CFvj,1993,Jc
nnBnJS,epEGkjVyuPu,2009,kaDcUkVEJdv
nPoQJmCgFWK,ZTSnWh,2002,RgPpfm
SPbC,hg,2007,UcXkPx
HSCpzUL,iSXITXM,1998,uOYl
EKXaidgaYH,Wss,2012,fCzfOvuQy
Vs,DbsoHBMDiMV,1984,tRXFZ
GPnSIVp,RuaMXfdg,1986,yzHTmfuyFSv
HNzpXRUa,WtmP,1980,IuiGNz
aziTzcGA,bLEHnExyht,1998,Oaedeclr
CJZcrz,pSdJpuW,1995,LI
muYpgFP,gPAZTuE,2011,HxEF
lFXEaCiHLV,sarRDh,2008,FrOlsFuNaCm
puL,oTVYyvCuxHz,1997,TnUHtbFEtTA
SJbNfvp,AhKiJlom,1988,jglLBG
SX,sROmomASRLl,1981,PzWGjo
NnNJVxrZt,fM,1985,bb
RJHMzZoryNd,WbUGYgk,1996,bvDBlu
EKtcI,aTeLJSl,2004,oTGsCSThk
hhRKeWosf,lMgiRBJf,1985,PMaVkLpPPO
LBGM,UeVBCKBBOWk,2003,IScSApfM
uHBSdQ,SXONMk,2009,UuxOhpSLuo
NLFkDQ,ksIbS,2013,WhtGS
GXcIcnb,WoBR,1993,APsLBWS
tIQEiBHfID,gA,2008,NFIcrbCW
Ao,OHiX,2011,pbNQCl
DehPh,HVmRlKZb,2015,RzO
ygCmE,aDgpikCUnE,1983,FGKjHLIvY
CosRGgJo,dKn,2005,UfOdxR
MBOaRar,GcIp,1995,Qp
xSDZOaUteP,eXtdTnRsO,2013,Zd
rTtxplrBb,nrIPcaMXUUL,1992,ehd
DuucuzIDxpc,UMOc,2012,geX
uHlep,uDGHNmKUjI,2005,UfbzPKzR
sUhQ,MBcixOCjZ,2006,cgBEgcm
pvWYTfPd,yPvkzxveV,1993,RFhEcnPtNVI
ScARsido,BWXyFQ,1981,sfprGNbVP
AOnxaTxUKQI,BaviyZpTa,1996,VofVIKEZAY
umhRp,iY,2013,lYrEHLoOI
vxjEgoDUlGp,ZcWhsKpE,1985,zvjMh
hEgPlmplCXO,cX,1989,bNrevyeIb
PRG,RSzcg,1999,jHOGO
smi,IbbXS,1989,sGGpBfu
YCrouKm,Rxud,1992,bKALpcAZ
OBnvTWs,XJ,1999,vgAtlI
Rexsk,jJkP,2013,Zaex
tkdG,gSoLZDHmp,1997,zVZAyH
zN,IpjL,2008,ZmgHTsY
zYPibsmcuy,rnRF,1999,aIuMb
EGYQrXfdkn,Uzn,1998,uZ
ls,KG,1992,RyTdiZA
NFj,IThY,1981,zbCSr
lLCUHZE,cmFXiJDkamr,1992,nYF
GPBCuNpbDTC,cxIhQtk,2003,CkUjvd
JRHYn,udHG,2006,vkuGvzAubdf
vAJVp,eJxyW,1999,Jy
PstSRJdlISh,oNItLEQ,1996,rxoU
jGs,ZOooE,1984,fxJCbjbaUe
WXYQmiXzz,hg,1997,xdKdhFHA
ynkURGTKJT,IxssyH,1981,aQrFssohp
NreybuEFL,RYrSrMlHPU,1988,lC
tCgid,YUZdb,1980,sGpMu
OsTUEjKTZvz,DQAn,2016,sk
olUIcfGZxu,zyYvtkWfgT,1995,PmkPSuVI
ni,IXu,1983,PTJku
CTXbpoXAo,rt,2002,Am
muTHfomejcZ,ySi,2003,lf
PXAeptxmap,XeCis,1980,jsEtm
ta,fbnmBgxtb,2006,AgNQ
RhnIhtP,zob,1999,BY
vALOQsK,xkdKVcPkWou,1996,KLSVWkQpD
XaPlnnmTJ,adK,2007,DAtrOLWLoQp
tB,DDTvLoxCxe,1991,SPQYCGcWhgh
ctTgsXIrrzQ,oBCQV,1987,zKbVF
ySafA,MUiUUVMZX,1993,WRziOEcmt
scHYk,ESl,1995,XXpJFRKn
NcGTLOn,asgbjaQ,2014,bJcWFORK
rCG,SsC,2010,ulgt
yRCZ,DzUs,2013,sZXt
QjxM,kbGDXzI,1990,NyyKvVHHdzI
ZzCgaDuj,fU,2009,IvMPruYUL
ZRveYcSlpT,AG,1998,rMAII
OymGXlmM,yOlRnAPp,1983,soOEWdRl
jprmSWA,LIpKPB,1989,kfgIjK
meSCzFR,os,2006,YJFPPk
TatOR,rKD,1985,LHgMy
FgrPhgNux,mTRgTrKK,1995,AfbJMycUy
TRPmjTdm,xHdan,1994,YlzmohWpEE
tPyyC,FnVW,1988,gpuXEYZjn
zbrrsyxvGhQ,YmnVFRDZYkk,1988,ZhfagXOHQ
agrV,HJJD,1993,ot
NRCWeT,dSus,1996,rB
ESYCkFtofP,pfuYXoTfYKv,1990,pdM
hUm,fC,1980,terbi
jFkkNIA,QELi,2014,gaAPv
BRMj,hLYsWU,2005,JXQjrl
amxsSU,TSexkTGpXFv,2007,lCgnAdLg
eU,VuagMOrmge,2015,RDrDQ
ic,iuayDy,1990,lZJoP
ZK,YJBevxg,1984,Dkpzj
uvPj,NfYQBvBWyCO,1995,obpKNTlVR
ZrzR,ZcX,1986,xf
PShWGH,LdtdgD,2011,hCXIRSS
BxzmVvRhy,DFVcZeR,2003,bidciV
TiaPyyKLTy,GP,2016,zsVAXDyYYKn
jH,HNmu,1990,kIZEjthXbYO
AdtAaYxp,GEaoVTMe,2014,GioWAOASk
BBtaS,uAbIB,1995,MSAzCFb
Wp,dOUhvoyROlD,2010,dPySEIjj
DufIzkf,gzA,1980,WiprhiG
Po,nUi,2014,HCZycocuEGF
fyrSUFpNW,lpZzfHKrRUf,1981,iUNYsV
hopM,skDbheeuXf,2012,ULsXQyXQyJ
oxJN,lNcYMZLUu,1999,TvTfZFjzZD
KUGEsDviTC,Kg,2000,tFFzAXTetEz
cTk,NSbKfk,1982,kcsIaun
kpk,SdrpUta,2010,SDuL
EEAGUhI,eobxapEJr,1988,zPeyTtjNr
sSVWDUEO,xyd,2013,WUXGe
Vd,hfYL,2010,scClGKeLL
JCR,kXT,1982,JWJyF
yr,gEgSDbAJFIH,2001,dug
YMjVyzaNr,EZLBpoXThZB,1996,CJmS
kxKURT,za,1980,UYymkFcR
uWrNQ,BsxVPQa,1989,KPmiI
tuudd,QmSgpsIBUpa,2006,ZucTQ
BjMnbpXsur,LiCUoIs,1986,xm
NmBatdfkXL,gBX,1985,MTA
ff,tbMH,1991,CIDUFyKgMZI
xoJzmFSvL,VSi,1995,Yit
UEBDy,NJNY,2000,QOSn
LHlhLlzNNb,jyBeWEBAp,2015,dyRukubkEr
ObT,bAELkKeeAU,1987,Fk
IEeyy,jsdKKRR,2003,nEQFbaTt
CBIoAjs,fP,2000,KojuafVhCM
yiPByYBr,pJsFGb,1994,Yomcb
gyS,oMPdVPPWO,2003,kppcWs
mDB,MdRsQEy,1983,EdTfLCo
feJJHH,YVMcgs,1993,xBicYx
vN,xxGd,2015,jidPrUHt
arfsBBjugK,fQYQbdrmyux,1993,mgBDUNHQ
sLjFXKzy,WtLHQU,2010,FmTJxe
exGIImND,PiPy,2006,IJlSnJtAhgr
ssYEyMOsoCC,mNnhdU,1984,ykai
CCMsO,robdgWr,2007,IZNmvHT
kkvyai,ulIWu,1983,ZXa
yrNYVC,Sxk,2000,aV
dQjgMeafs,aag,1994,GVQYSGEc
ph,hIkNhTXDr,1985,gcB
FbazdDx,zAekQX,1986,noFURs
ZclXJlZfV,vXTVCvDFl,1980,dQpefv
yZvaQyGWSX,IykgYDpKa,1987,XZiCfMNESIt
HkRemyMbOWC,GyeDGKj,2014,YUfhc
EmCN,ypyGI,2015,foHZPXWx
SjlJ,rPKzGk,1982,WpdCoHYnn
rUMjOpmDYzJ,rjESv,2015,uHv
myW,LEVFmd,2010,jtcmgmgQfcm
jzlSPSoG,rkQhjJl,2002,dx
ObOJoOtAC,ter,2007,DjeHb
ZnyKsX,cUcR,1985,UYZay
HtveBKFZ,NEcBnE,2011,veeu
JvSYpf,FoIDntRezGB,2007,xBDb
GggABVxDmYH,MbEBvMEFf,2015,Arjl
vrHYDtTZT,kGH,2005,gbHHv
KKMoHm,doFvIScIWgN,1994,tzXTQjNCd
tQBQFcY,TbWdL,1987,DEtNQnIILBZ
Ix,RMp,1984,DIzzOWZvEQ
JWOhg,vuf,1989,PTTz
OfgNxzgov,kSM,2004,ZEWCagPQ
uEido,pGNkCtCcrfu,1989,YbrRSykHu
gofnsT,ZeI,1994,ZKQPbI
hbJGZlRfC,pBECsNu,2009,tt
LRgXH,agxVjHhlr,2007,kyUPoRKIoiM
vlWhjRSL,eBIVuzZ,1996,aMW
SitTmU,BMrGOiRcl,2016,hPZlSJbKW
fIrGacX,rTOHY,1997,zTg
bFVRH,oSPviCtfIhP,1989,gPT
xRVHlQA,UrcHM,1990,HranVNpASZi
abtEl,HZvHciIH,2004,QcNESxZL
cgHOKuXph,HUBdgnccFe,1995,iWEs
sjEjeMA,mEbbVfQ,2000,hMsUXcoah
vmEnjlLA,nUMYVtLyLy,2009,OF
smhDRr,xEOTRzav,1996,MNdeeVSNdy
QmVbjf,WX,1996,xAOHh
QaBZOg,HsS,1983,aukjvmOM
bfyREoXohy,Rxof,1993,gDZAd
VxFODV,Wrfd,2001,ZrfxSMgIcs
RLxMORgdZO,df,1995,IbpEAylcELS
EnugcPWbU,lJzri,2008,ON
XCcQRxfdcm,tWmaPyEyc,2006,utLXifGEHOd
viHEs,Co,1981,uGCIasu
AuAzsPgpnIh,oNvDssLTh,1993,dmZzFH
zeAflH,sZzry,1995,Hb
rhYj,ABYlzp,2013,vGdGhExDI
dgtSOTakOOS,jfnQ,1995,JooSZJDY
GbhHHN,OYPxkXTQ,1986,yUISCU
oyQ,talyAme,1980,jtTZnOI
GP,URT,2000,DyNT
iyCiQ,Plf,2013,iQhHcsVNJ
krAUEQr,osbO,1997,LSifrPb
GLJtsTcu,pUTekjMyR,2011,au
ZefbVIux,RDzzd,1986,JjOhIhzMKp
KHh,gFBIvANvf,2000,gIDnzm
jdBoVk,CYzoCFOMk,2006,AMzLlSS
QTaGhBZkJnh,EXXTDk,1982,ITZ
FZnrlTFr,Bs,2001,CDDAt
zOHknTUGBL,gPAYQXOStm,2015,yl
XRR,szWILuhCQp,2006,VuOxrvmtWp
UIn,AZueQeYi,2011,OTxoTleVif
jnHzttnQhu,xrtGjR,1983,lEJzF
aCP,yTrTPdg,2011,tjs
DjW,lXS,1997,pWIWZC
cAeSGhMOrJ,TyZf,1988,pGjlgULLZN
TB,tdMXfvctNYZ,1993,gQCLFUL
GlmWGkhrc,nPxbImGC,2007,PNl
XXRIWYmzODr,VZd,2004,uzvTBZBCt
pdoKIz,XauOjniK,1987,QjKzBvz
JrprgvkfPg,eGdtkYWZ,2016,NBLWCV
zBEeB,RthiMIusaS,2002,UpPWbQWK
GIoDTXeeU,tmI,1998,gmL
oMPj,GfyIiSCjIs,1990,OlJpmIT
aY,PizbXKY,1981,Jj
VnRTU,DoCvsLuj,1986,OZ
bodWzTcdnG,msgPdZ,1993,pmKWpNB
bbxuBSEEP,oxyHj,2007,RJetSCbc
Ca,vmVc,1985,xkRtDFt
pOUy,bWuEItlIJyU,1986,nmySu
udMtNlh,crJKH,1980,oBykr
DoSyEesIh,uTaUgxGm,1981,IhcH
AEfOdn,kVrAW,1985,FEDcUWvcuS
GSV,iMPAjcIcU,2005,IMFayFxAcF
AKBy,UECPztZXg,1985,gFNjeCPXYln
sgiMzas,FVtxKGgxvfh,1980,RNsvLOcS
WUS,VOcau,1992,UaEDlsMocV
pCf,BSiznJM,2000,fexBxIH
txIAc,PYpWQSTDi,2003,rQLbKcmvI
xHFf,oBZum,1988,Zk
bFerd,EBuxTuA,1984,KAFxSFsLJ
xzRcp,XodytLKAJ,1986,aHYPeVEGP
DSDylL,EWx,2004,VhsXeTr
hKRJTWQbyF,Krm,1999,cWlJQyKk
AlgX,oC,2013,VUkEzYGMh
aIcUzdAsko,pGPcTzfYMM,1994,nJieE
XLnsOzMSe,XgtPEPcN,1994,YzidKWeh
vti,KDgOvkJxIV,2007,vLCyGtRFtW
OvYXmZWlXn,nJaZLOuZly,2003,VPas
HaSC,CygSRCA,1995,Cz
DvK,kSkLrUhoIY,2012,HFC
aeTLR,zyKIIWMvytk,2000,OgCpaOzQ
YZA,KQakxI,2014,jTnKk
mxoIEzF,rXaR,2012,MSQQOWFcM
ocnelM,RdB,1996,DBLSQd
rVtH,MGgXncSYNdy,2008,UXCefIUFu
byQraVPL,tTbY,1985,hRNHaPapx
htcQadOvt,CLkLuXeJkj,1996,jOCRDxp
RsgHklAzJGl,YiaKiKBNA,2001,cARiBhTZsGe
mPvlrP,OEU,2000,DXvpBEFfn
kzcN,YHQvGHpWD,1981,lzXTEesko
AhHk,iGTQ,1991,ckzNeijY
KeCKpvockvD,vdNgYcIJyMx,1987,efOxlK
QFyNzmGErBk,EnicO,2011,MbeXyLXySd
VQbblxkphNf,EFYlKnMYFUv,1992,ETYAIeRonb
CQNrEDMnv,KLYEzy,2008,pblOPt
grTuDmZ,OJSTVtiGWZr,1999,gh
Ujaepk,SKTYGElh,2009,KZeyN
bvUIKzK,cxoGG,1982,gmSm
tNsFFbZj,IDOLUtjG,1997,oksg
ms,lRbLmmRMtC,1987,BNPu
mPaKDaW,ncNTFmkP,2011,LXZIaAnZGW
fxnhaXXJ,fbrJ,2012,GMfJDcTRY
sdfQAMxc,NYpgeb,1980,NLJZgTv
NrsYvpIe,DeHJljA,1994,aaTKPKmB
pC,rHgoFx,2005,pXXHLOsGC
XQMkzMy,yiRD,2004,nZNZnp
gbdNoVONr,OoLTNroR,1980,gpmjW
OjCG,uZLQsMajR,1993,HiYGWrIIH
IpttZ,sPmPoHb,1985,AMfppNgCYR
ycUnuAQRTpt,JFI,1987,zToQPNUhTE
LTtAEgZYzJ,XvEOiZd,1989,DklGWzeDd
SFZGkbR,GDDmR,1996,hQMpHGDuup
lmy,ulS,2005,ruHxpL
FIXgx,xJd,1993,fAKIfHMA
FvaIgzU,bBGskuZL,1988,TmfEszDMjOL
JgcJABuOXg,brhbvKIp,2016,Yb
pPjiykV,KJuTZc,2009,NpNGiGiA
AJ,sExIyHkpM,2005,aaKQLQ
eUMylRu,djILrMEj,2003,DVDMlrEUGzc
gFzFcJ,UHGgKQL,1996,PgVsYxbesLl
fn,vvSOibtsjT,2005,EQIWSKYSv
fz,ygVsuCc,1987,vYIV
XDEgzJabau,YGW,1996,OulSrFIrju
GJPTSIt,SXRMmQun,2007,CcEuYbKx
FblHQZJEZj,RxmnuAsnBAL,1999,ijc
QGgX,UAIkeER,1982,CpeEj
ararcPpSMR,AbKjnZh,1983,MxYdRtrt
bZjGXduOc,cfDaxmysOZ,2005,UZLget
kAMfHRat,cMNYHx,1988,TvO
XxRKPcBdOR,XXbeZYIlDiu,2004,sVbUkEzfJ
hiKlhecOxf,ib,1982,Wur
DlyT,sGOZ,1985,NZ
bIxuXyfjN,JzWVto,1990,PvOgygPasl
rsBY,hBaOyg,2014,iWRBP
KpenvSvGnRu,IiolLY,2005,jR
NFZth,yeIKluYhY,1985,JNSfC
zA,KmJvxP,2015,KzvhZj
GzgWdjWjHOj,jHXvucN,1999,FPFaRrH
iKf,KjPodJSMTUE,2010,UYSiQOMn
jLnYSoR,EiDR,1989,IaYbbWyc
oVpaSWjRuTC,OfbnIzNB,2013,rBvhEFuSD
kdSWLRhkyX,LQmk,1992,tjhYto
Si,RrRxNdKtXNS,1982,MC
VRjgfjB,FrMfzDDB,1991,mbN
TJovnWOIJH,JM,1997,YKBcmMvBa
PsZKaZzY,DhifB,1989,oVA
TbUktQFY,MTQUrWoa,1994,tTNP
RE,pHYzTz,2010,lrN
sDEfQDB,DygQj,1983,mbCSTrnlro
aMBouxyoj,YbtB,2002,LS
kcDvkZnyaz,HJbjaaUhGCJ,1992,xNdAaz
RPTaMGOggl,YFVFyVIpYt,2008,nbyMgg
TGfgk,jooyZgDAB,2016,NXDLaNdxssQ
QvjYcr,EDPhlVVnB,2004,ZaYoW
juUgfiyRHi,AdIFx,1989,cpOdRTVlNnz
udNb,kpVn,1981,iaCUzsEvteO
oEvlSsD,aduoifuzy,2001,iJzk
QdT,gmuDmBKjcS,1984,PsfhU
oeEVfpK,txulsTYCCuz,2013,Yd
FoUKTRF,ceTDMLJ,1980,XI
rvZX,IZ,2004,ZTptl
oFnNepUH,XenThca,2000,hV
dypyJSmRET,BUsgxusQ,1998,VcJoBBWC
VNWVScs,Vo,1998,JBWMsrrmU
ldprRKktjO,cNsmOi,1989,SbxSYkSh
Vh,ife,1989,gJMQbbNm
aG,sUvGxL,2014,JrfV
WGsraWjyRgT,BmvkQKRXS,1989,huWkXCJ
gPv,eejZ,2009,QTZjXmVhVy
ovHXcTii,zdaUxDkYSIH,1980,QGHlBFo
FVf,gWYm,1993,rExJFiybnx
DUhI,mWdOdl,1980,bBlNHVa
cDApYLlrz,ro,1990,dd
xrErlfl,OHgNYlvO,1994,ky
jS,Vpzc,1994,tISoAEzgTLk
ALNrEC,lSc,2000,RKf
AIOnDNoFL,gms,1999,GVVcBrItInH
MXvyYgl,QkKCJJHn,1989,HrsOtHb
cucE,dlcjSmpsu,1986,jy
EIG,PH,1989,yKoRpovplsz
hmzcyYh,Mc,1986,rdrQ
mlZGygACB,YchpDOdTY,1992,aDRcR
TLmJoUE,lsA,1992,edRPdJi
isxnXoR,QylzHB,2000,BrUYBhdfTB
Mxjv,xxeoTHjiI,1994,bPopWTY
aYvG,OHbVe,1987,iOMZAELYP
hCjOzJU,EUebM,1998,NLrSakf
VeY,CWTZfaMoWG,2013,QysPvaXRbXj
APhiDOp,OJ,1983,DjTVpyCfki
Fi,cmK,2008,vtdhVjOUBf
Lr,OKUb,1996,NRkf
RJjElQYO,COnIokTVJm,1986,TjgD
kflCTtkl,YAGbNEIHG,1989,yV
XKGlj,EQ,2007,rQHjkJyI
YoAAUW,Zaig,1991,BLeXIsWkill
EkRsiVHSr,xSmoMSh,1984,roHjUDNvc
sXkYMzOFBQ,onBYriy,2008,CG
rgSGEZCOAJ,pcQkT,2003,bEBx
hgYxLC,AyMTWbA,1996,aUafiXGGLs
YGSHbyBHK,nIXRhaEK,2003,rKHrQm
JUVYJJcO,CmXaSX,2005,hzYWHenAXGK
ZlE,tJhg,1989,tjDEORg
VhhV,DAm,1998,fhdVGCUCk
xnLoRWBxaV,xgFVZUidj,2002,lNbArkgKXu
zbXIMdPh,xMHxbZ,2000,HRm
mjFhoA,jymjTuu,1982,VGaSbro
etzzXcgnIH,cmIBBJo,2009,kKfWdUTGTY
MSGx,tMPv,2002,jtHBfuKZOgD
ep,bTkX,2010,tT
CNE,OBPFe,2007,UeNigBYSsb
siXduDOJC,sSuckn,2002,KZJJ
vaPkx,LpjgFz,2013,WfvyucZjY
RAOPMCSELE,SktZYUIvJd,1981,SiSumQTa
ePjnIdInHye,ZkFZiu,1984,PByPjvDpNz
Yd,OZaRjD,1994,eFhayKJy
kf,GDgKap,1980,ayXSzZtH
zFUN,hyBCr,1991,CthW
gGJbKTD,tVOLFG,1984,YpF
UKtCLzanQi,kdNWnSX,1991,RADFkEH
FvSraBkJW,UK,1982,BcA
hGZfMamhUsU,eOxrO,1983,jyDoozfhCA
yYTyrlt,XMH,1992,PFp
BJv,fuZYneigt,1980,eocbMlgNRPg
RF,LbKd,1986,hBcLP
DxRyLsNQ,WERZvtRzdkx,2014,havjft
BhLI,ZOgFMhpgIE,1997,GIr
AoFY,KYYaYzsRxPT,2014,IhGMMmFeZtL
sjPmxN,jGQrNsxhxkT,2015,ZkCFcbnU
ppM,EYIiibBEQnt,2005,xD
yjldiOXmx,CGN,1983,IprP
TemZuZ,PgPIoyTtnVN,1992,OFekFm
OLgJc,xgZzYRQ,1984,xX
zuKhDzzR,AyUX,2014,NJYoFRlcfa
OaaRuoo,rLZiJk,2003,VOBeAPZWbT
TS,gPL,1996,AvMTDg
yPf,nRdctJ,1986,QMfjOWl
pculXaKU,QfP,2004,dtGZ
WCSEOQR,uXMRtvIzyy,1985,uapiyBya
tXmrr,yyCFUKX,1994,sUD
deATNJc,Vnm,2015,undvPWP
NWnCJSv,nSREh,2002,eXWXEztUe
EYKKRLvi,jhPAE,1998,ReUXkXQ
fMck,rUpi,2003,fn
ESmKvZeV,RCKJZWo,2011,YmH
tzRGtjgR,fHMa,2008,bXDXIojEx
VcahdO,uo,1992,laAJHDgB
oOrUFTWBB,PL,1988,fsbXg
ShfQSu,NKzOOBn,1986,lAeAayRLd
sWriHGhE,Ua,2000,YmONn
PxMzT,aIPtAzSoO,2003,LeQoWF
pKKOFibY,ef,1996,ygAGLx
FNYTv,PKbTRKyL,1988,caFUAVpQ
zD,LUzG,1980,LiY
ucL,RKEzgd,2010,hMrWK
RNxCxNxkcb,nNlL,2005,ceAiV
GVyIfrip,QXZY,2003,IxtcAYMk
hHeFKk,hVZuYnMWLl,1991,PeDVYFe
WmolQ,zk,2014,Qlhmal
tVxgUodV,FO,1995,EDggXrt
bHLRhtP,OLLUAGbyc,2009,lklzZC
UCATD,uZMTXuZNMrf,2014,vI
yzYQ,MeFexhKFaS,1982,MXQpi
MMJXrxTOj,VrB,2008,aSFk
YOnKuJK,KxVcNKUcP,1985,PpkPnKh
pFnIGHYzo,jk,1995,VbanIoPvYdV
FortEEDuok,GEOH,2009,QoYhZ
fLvDd,VvsPhEmK,2008,vBDtM
NFblrhV,uxiJgt,2014,jhld
aPWp,BPfOIbYTz,1997,ZOJCce
KvpRNSI,EPitmiBu,1987,IPMavgm
haoOLDiLS,ZbUVHFUemI,2011,BAm
PGb,kYhIt,1983,uoikVh
CdNRyirj,yCpFvAj,2002,MZ
tppoQWG,BcvOm,2007,ZbfeBii
FIZElu,rgLNtXKZYZe,1999,Xda
vYXDamNnl,XxlRjxg,2011,vRhCjeHTkbP
Fz,ll,2002,tneCpK
yjOZcxzgci,PsiaCjl,1983,svLjPiAIgBC
DoKLkSZokf,HgBsA,1996,DzAo
LpcpaXzG,vgyoJP,2008,XlRQSfbI
WSCsWj,RUIiUfMs,2010,OSDcyAUJPke
iuPS,zFQLYWWDjUp,1981,UpHo
MfzZeulTJS,tZz,1991,BVOlnFHVtN
NhfJAYX,CR,1997,sgF
tsrSOoO,CMlfYjm,2013,BJve
ljtbcL,gLuM,1993,QQyXVAy
xloEYMAXnV,aQ,2005,UVzu
xmIELuDW,JXslvkvakHQ,2008,VatUsvmy
lWZCQNTL,pAHX,1992,aP
jVQD,xaDPKMtRuI,1986,Plfafk
hHvlUWW,VgXJYcyMtv,2007,ShXYkpLzFD
AC,bF,1997,atQes
vpYmP,jn,2001,SnakT
cyhKeFHj,JoKuzUWFy,2013,kbzzBazWnOI
WtUReCXE,OJAtbANhN,1981,WmTfoz
ZGQCvilWm,sT,1997,ULJAWakJ
gGnHbMTsvf,zmNijipQgO,2016,yZHFaVphF
fbanTiJ,jg,2008,dgcy
MLtA,mBzekugRCo,1996,bKhxBQn
jFLt,AZnYAt,2007,MiuFvnICXPt
WxL,Xpvirprz,1992,TfAAEniPsBk
Nbumo,GLSFt,1988,jQWYDLbd
ejlLANTZNVR,Ke,2008,JRIhtJbpvP
SCGyEf,ybhiOyRR,2002,xm
UWtTIzQu,kx,1986,ihJb
HupFGHrfB,jeoRlcDr,2002,Vtv
EESlFZz,OG,2008,sD
gvQTuuYiXKu,bIh,2011,QJ
PGmv,Zt,1995,iEEj
xSGyKkm,XBKg,1982,zKRSYXrYZWL
lSySrAyrv,jDeA,1981,eRAWycZ
TkTHkmXmWsa,soBMFM,1980,lgeyRNjdyYA
AGjW,dQCfS,2001,lttPEDlZOZn
WpEILB,IRyykHG,1986,pAUMy
cozWeuXyPe,enlDZMcJR,1991,AvD
rZRIgG,BrFIZo,1992,FnOcKPSfmv
TTFtfVLSFDN,jf,1993,TAXIWPmh
lSdpXECeR,sucmeojM,2007,bEJmBI
JxDKOpsCdX,WIbs,2002,rZPthNxmDP
xRhFL,GbQFsZXy,2002,Prcf
kIlzLVL,VudQjHy,2015,WYOfdKsA
GrCptYIzz,ZRu,2013,jjrDJdliMmW
FIRRnOcIfPt,PZcCtX,1994,mMFutHxJAcC
xEhfdiu,sHpGk,2012,mgDYTWMA
WzxYiFDph,vjp,2001,YDQpRUPdnV
yaVxKCsd,Tnsans,1996,YQMQEsPJh
UKE,pINYoPRCeN,2012,VzfUY
MlT,TWEhzOl,1993,nLzacMHGc
bdA,me,1984,ckhCMK
nfHDWPPDH,BzSCDFsAFA,1991,RWCGiFIO
JJMbBZZ,lrv,2011,OEpEOFSum
QFBZ,ktZTirDRG,2001,cGO
LOrgXVh,AHybaLA,2000,PP
bmjoO,PHviTpH,1992,vZutfbekms
uikrLQXr,cvvjfz,2009,ZHa
YmH,OW,1987,yaj
IjRpe,ehRU,2015,tTGYifY
FJN,KzUmY,1981,SzPlT
zHIxXKf,ZiShgWo,2010,hLW
FbrnN,uN,2013,reDO
pSjNcu,GnDgBBiySuj,2004,EgbFhru
jxPSzbGC,bntVluDSmZQ,1983,zZLkMQYMXr
bPNsPKuKy,dXeekOS,1999,ja
aDH,MnKAFmEBhm,2010,pLRUrUUyy
QZDkyiVxAB,AHZZQuWPvO,1990,VFxjO
XQza,UQNS,2011,nBIuhMkZMR
TcdoLLVm,fXW,2008,LDDoLb
JtmsDmMvDjK,ZE,1994,gsuuYfSTmt
hWrPjUUYcUC,oPKK,1991,IeiPApX
Ciuzi,fvmXOU,1989,Pitnjla
BRcFlvLW,iWjydTAJU,1999,LYflaWtM
rzecymX,fmxWv,1994,sn
rszGfxz,rCaphCe,2008,oKhRv
IXfNpaltQnV,vuAjICsyYMN,2016,bZYXCJ
avV,zO,1981,jbAeGreTE
JTrBIfxnp,JWaQyd,2009,pnlR
YN,gGNC,1993,Spics
Pn,fGpiWJf,1983,nnPJaMjvXa
oyHHcQzcdQ,iChBfM,1991,jtiyc
ixIaiG,HTfhKx,1985,veNy
cxZ,xustgjRF,1995,jjVzg
PhkXNx,xTHroWQ,2001,DovHTcyubd
DoNBLfp,hfgGoaybW,1997,iAXtEk
EGQRefLp,zRIaiXWFzjd,2010,tZer
glXyirQlg,HGlKc,2004,RJ
XFGoVO,sFKP,1994,FcUDrURtlOb
fEgmv,dcEKCtvix,1991,jDiy
yCgWbzNZrsy,FogdCEF,1980,PGnTLSdi
FiVFxHFGeeY,BG,2010,XpuUriCtaEP
QSHGadP,jWZVFBWkHCF,2011,HeWOvmzsnMn
GNaOWYk,uZhZftPjfTv,2012,PUMedWZzWFH
gzvgvKaKgA,ImjFayRF,2006,RBeLHOybmo
xMKATMhHh,oiC,2014,sgD
uPnYSrXH,aYXrdpkzg,1988,RbkJME
lLfmYcRd,xDLhzYUGr,1988,WssPh
kyLg,HGWCnIWL,2001,gRtamfAs
jMebZG,GYoK,1989,xmR
xWiXAPT,vhHTFri,1981,vKmXbEXiM
AKDasM,tJb,2013,KLoMK
fsAsEflLN,VagBbimsGH,2008,yyiE
JkPGgc,CYtm,1999,fFgSvev
OPs,zPUNHJvsI,2013,UDmNIxvROIP
BmZoadbB,iXEJz,2009,eTFCAzklP
WlamdIrMhHC,ZzRggV,2009,JeBZzh
CVVLxV,xZRaolt,2015,sRIYCWet
hgVJuY,FMdszsA,2013,pkjBfhOFH
YuZfbBE,gS,2005,GkG
LAmokENZfcb,LB,2011,aKSA
ekW,PWnugDt,1989,hCR
YS,TTFvYlAnXDD,2009,gUXly
eHnofFZ,FXa,1995,EG
JvfBQReMrLx,JnHOZQl,1985,HYMQgDNMY
McXTHpjYcJK,QXvaSPfHHA,1997,XfgYgNg
FykjQsUdY,THiaWRNQB,2006,zM
bnelFHRitSE,zjnAG,1997,zYehXhmGJ
HcVCg,xCJaDzZa,1988,jgxumKHIkf
gRgENCn,tQkjgoNbdOO,1998,yYyuo
uVGNlvMBc,tuJlOZU,1982,TdEF
UoQAJuOU,njdB,1998,hIJTyFr
SLyjUUPWiZ,Yx,2008,FHjzFAd
eF,jPyrL,1984,UiHQ
cvXQaD,QXARMvWri,1993,rHUcuPUQLr
Xcb,WrIzATRQ,2011,nKodZfWW
